{"nodes":[{"shape":"dot","color":"#FB7E81","id":"h''arbi:RFinger_1_2''","label":"''arbi:RFinger_1_2''"},{"shape":"dot","color":"#FB7E81","id":"h'0'","label":"'0'"},{"shape":"dot","color":"#FB7E81","id":"h''arbi:LFinger_1_2''","label":"''arbi:LFinger_1_2''"},{"shape":"dot","color":"#FB7E81","id":"h''arbi:Waist_Roll''","label":"''arbi:Waist_Roll''"},{"shape":"dot","color":"#FB7E81","id":"h''arbi:LFinger_2''","label":"''arbi:LFinger_2''"},{"shape":"dot","color":"#FB7E81","id":"h''arbi:LFinger_2_2''","label":"''arbi:LFinger_2_2''"},{"shape":"dot","color":"#FB7E81","id":"h''arbi:Head_Pitch''","label":"''arbi:Head_Pitch''"},{"shape":"dot","color":"#FB7E81","id":"h''arbi:RShoulder_Roll''","label":"''arbi:RShoulder_Roll''"},{"shape":"dot","color":"#FB7E81","id":"h''arbi:Head_Yaw''","label":"''arbi:Head_Yaw''"},{"shape":"dot","color":"#FB7E81","id":"h''arbi:RShoulder_Pitch''","label":"''arbi:RShoulder_Pitch''"},{"shape":"dot","color":"#FB7E81","id":"h''arbi:RFinger_2_2''","label":"''arbi:RFinger_2_2''"},{"shape":"dot","color":"#FB7E81","id":"h''arbi:LShoulder_Pitch''","label":"''arbi:LShoulder_Pitch''"},{"shape":"dot","color":"#FB7E81","id":"h''arbi:active_joint_4''","label":"''arbi:active_joint_4''"},{"shape":"dot","color":"#FB7E81","id":"h''arbi:active_joint_1''","label":"''arbi:active_joint_1''"},{"shape":"dot","color":"#FB7E81","id":"h''arbi:active_joint_2''","label":"''arbi:active_joint_2''"},{"shape":"dot","color":"#FB7E81","id":"h''arbi:RElbow_Pitch''","label":"''arbi:RElbow_Pitch''"},{"shape":"dot","color":"#FB7E81","id":"h''arbi:LFinger_3_2''","label":"''arbi:LFinger_3_2''"},{"shape":"dot","color":"#FB7E81","id":"h''arbi:LWrist_Roll''","label":"''arbi:LWrist_Roll''"},{"shape":"dot","color":"#FB7E81","id":"h''arbi:active_joint_3''","label":"''arbi:active_joint_3''"},{"shape":"dot","color":"#FB7E81","id":"h''arbi:RElbow_Yaw''","label":"''arbi:RElbow_Yaw''"},{"shape":"dot","color":"#FB7E81","id":"h''arbi:RFinger_1''","label":"''arbi:RFinger_1''"},{"shape":"dot","color":"#FB7E81","id":"h''arbi:Waist_Pitch''","label":"''arbi:Waist_Pitch''"},{"shape":"dot","color":"#FB7E81","id":"h''arbi:LFinger_1''","label":"''arbi:LFinger_1''"}],"edges":[{"color":"#FB7E81","from":"h''arbi:RFinger_1_2''","to":"h'0'","label":"currentJointVelocity"},{"color":"#FB7E81","from":"h''arbi:LFinger_1_2''","to":"h'0'","label":"currentJointVelocity"},{"color":"#FB7E81","from":"h''arbi:Waist_Roll''","to":"h'0'","label":"currentJointVelocity"},{"color":"#FB7E81","from":"h''arbi:LFinger_2''","to":"h'0'","label":"currentJointVelocity"},{"color":"#FB7E81","from":"h''arbi:LFinger_2_2''","to":"h'0'","label":"currentJointVelocity"},{"color":"#FB7E81","from":"h''arbi:Head_Pitch''","to":"h'0'","label":"currentJointVelocity"},{"color":"#FB7E81","from":"h''arbi:RShoulder_Roll''","to":"h'0'","label":"currentJointVelocity"},{"color":"#FB7E81","from":"h''arbi:Head_Yaw''","to":"h'0'","label":"currentJointVelocity"},{"color":"#FB7E81","from":"h''arbi:RShoulder_Pitch''","to":"h'0'","label":"currentJointVelocity"},{"color":"#FB7E81","from":"h''arbi:RFinger_2_2''","to":"h'0'","label":"currentJointVelocity"},{"color":"#FB7E81","from":"h''arbi:LShoulder_Pitch''","to":"h'0'","label":"currentJointVelocity"},{"color":"#FB7E81","from":"h''arbi:active_joint_4''","to":"h'0'","label":"currentJointVelocity"},{"color":"#FB7E81","from":"h''arbi:active_joint_1''","to":"h'0'","label":"currentJointVelocity"},{"color":"#FB7E81","from":"h''arbi:active_joint_2''","to":"h'0'","label":"currentJointVelocity"},{"color":"#FB7E81","from":"h''arbi:RElbow_Pitch''","to":"h'0'","label":"currentJointVelocity"},{"color":"#FB7E81","from":"h''arbi:LFinger_3_2''","to":"h'0'","label":"currentJointVelocity"},{"color":"#FB7E81","from":"h''arbi:LWrist_Roll''","to":"h'0'","label":"currentJointVelocity"},{"color":"#FB7E81","from":"h''arbi:active_joint_3''","to":"h'0'","label":"currentJointVelocity"},{"color":"#FB7E81","from":"h''arbi:RElbow_Yaw''","to":"h'0'","label":"currentJointVelocity"},{"color":"#FB7E81","from":"h''arbi:RFinger_1''","to":"h'0'","label":"currentJointVelocity"},{"color":"#FB7E81","from":"h''arbi:Waist_Pitch''","to":"h'0'","label":"currentJointVelocity"},{"color":"#FB7E81","from":"h''arbi:LFinger_1''","to":"h'0'","label":"currentJointVelocity"}]}